Workbook

Sheet Inputs
A1: Fetch vs Wave Steepness (degrees)
A2: SPM Hs + JONSWAP Tp — Deep water — Noah's Ark Naval Architecture Research — T. Lovett
A4: Formulas
A5: Hs: gHs/U² = 0.283 · tanh( 0.0125 · gF/U² ) [SPM]
A6: Tp: gTp/U = 0.286 · (gF/U²)^(1/3) [JONSWAP]
A7: L = g·Tp² / 2π [deep water dispersion]
A8: Slope° = DEGREES( ATAN( Hs/L ) )
A9: Breaking limit H/L = 1/7 → slope = 8.13°. Above this waves break.
A11: Constants (blue = input)
A12: g (m/s²) | B12: 9.81 | C12: Gravitational acceleration
A13: Hs coeff a | B13: 0.283 | C13: SPM Hs coefficient
A14: Hs coeff b | B14: 0.0125 | C14: SPM Hs fetch coefficient
A15: Tp coeff c | B15: 0.286 | C15: JONSWAP Tp coefficient
A16: Tp exponent n | B16: 0.33333333 | C16: JONSWAP Tp fetch exponent
A17: Breaking limit (deg) | B17: 8.13 | C17: DEGREES(ATAN(1/7))
A19: Wind Speeds (blue = input, m/s)
A20: Wind speed 20 kn | B20: 10.2888 | C20: 20 knots x 0.51444 m/s
A21: Wind speed 30 kn | B21: 15.4332 | C21: 30 knots x 0.51444 m/s
A22: Wind speed 40 kn | B22: 20.5776 | C22: 40 knots x 0.51444 m/s
A23: Wind speed 50 kn | B23: 25.722 | C23: 50 knots x 0.51444 m/s
A25: Fetch: 1km steps 1-200km (200 points — zero excluded)

Sheet Data
A1: Fetch (km) | B1: Slope° 20 kn | C1: Slope° 30 kn | D1: Slope° 40 kn | E1: Slope° 50 kn
A2: 1 | B2: =DEGREES(ATAN((Inputs!$B$13*TANH(Inputs!$B$14*(Inputs!$B$12*A2*1000/(Inputs!$B$20^2)))*Inputs!$B$20^2/Inputs!$B$12)/((Inputs!$B$12*((Inputs!$B$15*(Inputs!$B$12*A2*1000/(Inputs!$B$20^2))^Inputs!$B$16*Inputs!$B$20/Inputs!$B$12))^2/(2*PI()))))) -> 41.056315 | C2: =DEGREES(ATAN((Inputs!$B$13*TANH(Inputs!$B$14*(Inputs!$B$12*A2*1000/(Inputs!$B$21^2)))*Inputs!$B$21^2/Inputs!$B$12)/((Inputs!$B$12*((Inputs!$B$15*(Inputs!$B$12*A2*1000/(Inputs!$B$21^2))^Inputs!$B$16*Inputs!$B$21/Inputs!$B$12))^2/(2*PI()))))) -> 40.808862 | D2: =DEGREES(ATAN((Inputs!$B$13*TANH(Inputs!$B$14*(Inputs!$B$12*A2*1000/(Inputs!$B$22^2)))*Inputs!$B$22^2/Inputs!$B$12)/((Inputs!$B$12*((Inputs!$B$15*(Inputs!$B$12*A2*1000/(Inputs!$B$22^2))^Inputs!$B$16*Inputs!$B$22/Inputs!$B$12))^2/(2*PI()))))) -> 37.005146 | E2: =DEGREES(ATAN((Inputs!$B$13*TANH(Inputs!$B$14*(Inputs!$B$12*A2*1000/(Inputs!$B$23^2)))*Inputs!$B$23^2/Inputs!$B$12)/((Inputs!$B$12*((Inputs!$B$15*(Inputs!$B$12*A2*1000/(Inputs!$B$23^2))^Inputs!$B$16*Inputs!$B$23/Inputs!$B$12))^2/(2*PI()))))) -> 33.426034
A3: 2 | B3: =DEGREES(ATAN((Inputs!$B$13*TANH(Inputs!$B$14*(Inputs!$B$12*A3*1000/(Inputs!$B$20^2)))*Inputs!$B$20^2/Inputs!$B$12)/((Inputs!$B$12*((Inputs!$B$15*(Inputs!$B$12*A3*1000/(Inputs!$B$20^2))^Inputs!$B$16*Inputs!$B$20/Inputs!$B$12))^2/(2*PI()))))) -> 33.25926 | C3: =DEGREES(ATAN((Inputs!$B$13*TANH(Inputs!$B$14*(Inputs!$B$12*A3*1000/(Inputs!$B$21^2)))*Inputs!$B$21^2/Inputs!$B$12)/((Inputs!$B$12*((Inputs!$B$15*(Inputs!$B$12*A3*1000/(Inputs!$B$21^2))^Inputs!$B$16*Inputs!$B$21/Inputs!$B$12))^2/(2*PI()))))) -> 41.621099 | D3: =DEGREES(ATAN((Inputs!$B$13*TANH(Inputs!$B$14*(Inputs!$B$12*A3*1000/(Inputs!$B$22^2)))*Inputs!$B$22^2/Inputs!$B$12)/((Inputs!$B$12*((Inputs!$B$15*(Inputs!$B$12*A3*1000/(Inputs!$B$22^2))^Inputs!$B$16*Inputs!$B$22/Inputs!$B$12))^2/(2*PI()))))) -> 41.339802 | E3: =DEGREES(ATAN((Inputs!$B$13*TANH(Inputs!$B$14*(Inputs!$B$12*A3*1000/(Inputs!$B$23^2)))*Inputs!$B$23^2/Inputs!$B$12)/((Inputs!$B$12*((Inputs!$B$15*(Inputs!$B$12*A3*1000/(Inputs!$B$23^2))^Inputs!$B$16*Inputs!$B$23/Inputs!$B$12))^2/(2*PI()))))) -> 38.819097
A4: 3 | B4: =DEGREES(ATAN((Inputs!$B$13*TANH(Inputs!$B$14*(Inputs!$B$12*A4*1000/(Inputs!$B$20^2)))*Inputs!$B$20^2/Inputs!$B$12)/((Inputs!$B$12*((Inputs!$B$15*(Inputs!$B$12*A4*1000/(Inputs!$B$20^2))^Inputs!$B$16*Inputs!$B$20/Inputs!$B$12))^2/(2*PI()))))) -> 26.992638 | C4: =DEGREES(ATAN((Inputs!$B$13*TANH(Inputs!$B$14*(Inputs!$B$12*A4*1000/(Inputs!$B$21^2)))*Inputs!$B$21^2/Inputs!$B$12)/((Inputs!$B$12*((Inputs!$B$15*(Inputs!$B$12*A4*1000/(Inputs!$B$21^2))^Inputs!$B$16*Inputs!$B$21/Inputs!$B$12))^2/(2*PI()))))) -> 38.657839 | D4: =DEGREES(ATAN((Inputs!$B$13*TANH(Inputs!$B$14*(Inputs!$B$12*A4*1000/(Inputs!$B$22^2)))*Inputs!$B$22^2/Inputs!$B$12)/((Inputs!$B$12*((Inputs!$B$15*(Inputs!$B$12*A4*1000/(Inputs!$B$22^2))^Inputs!$B$16*Inputs!$B$22/Inputs!$B$12))^2/(2*PI()))))) -> 42.023771 | E4: =DEGREES(ATAN((Inputs!$B$13*TANH(Inputs!$B$14*(Inputs!$B$12*A4*1000/(Inputs!$B$23^2)))*Inputs!$B$23^2/Inputs!$B$12)/((Inputs!$B$12*((Inputs!$B$15*(Inputs!$B$12*A4*1000/(Inputs!$B$23^2))^Inputs!$B$16*Inputs!$B$23/Inputs!$B$12))^2/(2*PI()))))) -> 41.169357
A5: 4 | B5: =DEGREES(ATAN((Inputs!$B$13*TANH(Inputs!$B$14*(Inputs!$B$12*A5*1000/(Inputs!$B$20^2)))*Inputs!$B$20^2/Inputs!$B$12)/((Inputs!$B$12*((Inputs!$B$15*(Inputs!$B$12*A5*1000/(Inputs!$B$20^2))^Inputs!$B$16*Inputs!$B$20/Inputs!$B$12))^2/(2*PI()))))) -> 22.840705 | C5: =DEGREES(ATAN((Inputs!$B$13*TANH(Inputs!$B$14*(Inputs!$B$12*A5*1000/(Inputs!$B$21^2)))*Inputs!$B$21^2/Inputs!$B$12)/((Inputs!$B$12*((Inputs!$B$15*(Inputs!$B$12*A5*1000/(Inputs!$B$21^2))^Inputs!$B$16*Inputs!$B$21/Inputs!$B$12))^2/(2*PI()))))) -> 34.999976 | D5: =DEGREES(ATAN((Inputs!$B$13*TANH(Inputs!$B$14*(Inputs!$B$12*A5*1000/(Inputs!$B$22^2)))*Inputs!$B$22^2/Inputs!$B$12)/((Inputs!$B$12*((Inputs!$B$15*(Inputs!$B$12*A5*1000/(Inputs!$B$22^2))^Inputs!$B$16*Inputs!$B$22/Inputs!$B$12))^2/(2*PI()))))) -> 41.056315 | E5: =DEGREES(ATAN((Inputs!$B$13*TANH(Inputs!$B$14*(Inputs!$B$12*A5*1000/(Inputs!$B$23^2)))*Inputs!$B$23^2/Inputs!$B$12)/((Inputs!$B$12*((Inputs!$B$15*(Inputs!$B$12*A5*1000/(Inputs!$B$23^2))^Inputs!$B$16*Inputs!$B$23/Inputs!$B$12))^2/(2*PI()))))) -> 42.00227
A6: 5 | B6: =DEGREES(ATAN((Inputs!$B$13*TANH(Inputs!$B$14*(Inputs!$B$12*A6*1000/(Inputs!$B$20^2)))*Inputs!$B$20^2/Inputs!$B$12)/((Inputs!$B$12*((Inputs!$B$15*(Inputs!$B$12*A6*1000/(Inputs!$B$20^2))^Inputs!$B$16*Inputs!$B$20/Inputs!$B$12))^2/(2*PI()))))) -> 19.952864 | C6: =DEGREES(ATAN((Inputs!$B$13*TANH(Inputs!$B$14*(Inputs!$B$12*A6*1000/(Inputs!$B$21^2)))*Inputs!$B$21^2/Inputs!$B$12)/((Inputs!$B$12*((Inputs!$B$15*(Inputs!$B$12*A6*1000/(Inputs!$B$21^2))^Inputs!$B$16*Inputs!$B$21/Inputs!$B$12))^2/(2*PI()))))) -> 31.640322 | D6: =DEGREES(ATAN((Inputs!$B$13*TANH(Inputs!$B$14*(Inputs!$B$12*A6*1000/(Inputs!$B$22^2)))*Inputs!$B$22^2/Inputs!$B$12)/((Inputs!$B$12*((Inputs!$B$15*(Inputs!$B$12*A6*1000/(Inputs!$B$22^2))^Inputs!$B$16*Inputs!$B$22/Inputs!$B$12))^2/(2*PI()))))) -> 39.318428 | E6: =DEGREES(ATAN((Inputs!$B$13*TANH(Inputs!$B$14*(Inputs!$B$12*A6*1000/(Inputs!$B$23^2)))*Inputs!$B$23^2/Inputs!$B$12)/((Inputs!$B$12*((Inputs!$B$15*(Inputs!$B$12*A6*1000/(Inputs!$B$23^2))^Inputs!$B$16*Inputs!$B$23/Inputs!$B$12))^2/(2*PI()))))) -> 41.92581
A7: 6 | B7: =DEGREES(ATAN((Inputs!$B$13*TANH(Inputs!$B$14*(Inputs!$B$12*A7*1000/(Inputs!$B$20^2)))*Inputs!$B$20^2/Inputs!$B$12)/((Inputs!$B$12*((Inputs!$B$15*(Inputs!$B$12*A7*1000/(Inputs!$B$20^2))^Inputs!$B$16*Inputs!$B$20/Inputs!$B$12))^2/(2*PI()))))) -> 17.822288 | C7: =DEGREES(ATAN((Inputs!$B$13*TANH(Inputs!$B$14*(Inputs!$B$12*A7*1000/(Inputs!$B$21^2)))*Inputs!$B$21^2/Inputs!$B$12)/((Inputs!$B$12*((Inputs!$B$15*(Inputs!$B$12*A7*1000/(Inputs!$B$21^2))^Inputs!$B$16*Inputs!$B$21/Inputs!$B$12))^2/(2*PI()))))) -> 28.799509 | D7: =DEGREES(ATAN((Inputs!$B$13*TANH(Inputs!$B$14*(Inputs!$B$12*A7*1000/(Inputs!$B$22^2)))*Inputs!$B$22^2/Inputs!$B$12)/((Inputs!$B$12*((Inputs!$B$15*(Inputs!$B$12*A7*1000/(Inputs!$B$22^2))^Inputs!$B$16*Inputs!$B$22/Inputs!$B$12))^2/(2*PI()))))) -> 37.287928 | E7: =DEGREES(ATAN((Inputs!$B$13*TANH(Inputs!$B$14*(Inputs!$B$12*A7*1000/(Inputs!$B$23^2)))*Inputs!$B$23^2/Inputs!$B$12)/((Inputs!$B$12*((Inputs!$B$15*(Inputs!$B$12*A7*1000/(Inputs!$B$23^2))^Inputs!$B$16*Inputs!$B$23/Inputs!$B$12))^2/(2*PI()))))) -> 41.279501
A8: 7 | B8: =DEGREES(ATAN((Inputs!$B$13*TANH(Inputs!$B$14*(Inputs!$B$12*A8*1000/(Inputs!$B$20^2)))*Inputs!$B$20^2/Inputs!$B$12)/((Inputs!$B$12*((Inputs!$B$15*(Inputs!$B$12*A8*1000/(Inputs!$B$20^2))^Inputs!$B$16*Inputs!$B$20/Inputs!$B$12))^2/(2*PI()))))) -> 16.177257 | C8: =DEGREES(ATAN((Inputs!$B$13*TANH(Inputs!$B$14*(Inputs!$B$12*A8*1000/(Inputs!$B$21^2)))*Inputs!$B$21^2/Inputs!$B$12)/((Inputs!$B$12*((Inputs!$B$15*(Inputs!$B$12*A8*1000/(Inputs!$B$21^2))^Inputs!$B$16*Inputs!$B$21/Inputs!$B$12))^2/(2*PI()))))) -> 26.444782 | D8: =DEGREES(ATAN((Inputs!$B$13*TANH(Inputs!$B$14*(Inputs!$B$12*A8*1000/(Inputs!$B$22^2)))*Inputs!$B$22^2/Inputs!$B$12)/((Inputs!$B$12*((Inputs!$B$15*(Inputs!$B$12*A8*1000/(Inputs!$B$22^2))^Inputs!$B$16*Inputs!$B$22/Inputs!$B$12))^2/(2*PI()))))) -> 35.224697 | E8: =DEGREES(ATAN((Inputs!$B$13*TANH(Inputs!$B$14*(Inputs!$B$12*A8*1000/(Inputs!$B$23^2)))*Inputs!$B$23^2/Inputs!$B$12)/((Inputs!$B$12*((Inputs!$B$15*(Inputs!$B$12*A8*1000/(Inputs!$B$23^2))^Inputs!$B$16*Inputs!$B$23/Inputs!$B$12))^2/(2*PI()))))) -> 40.282354
A9: 8 | B9: =DEGREES(ATAN((Inputs!$B$13*TANH(Inputs!$B$14*(Inputs!$B$12*A9*1000/(Inputs!$B$20^2)))*Inputs!$B$20^2/Inputs!$B$12)/((Inputs!$B$12*((Inputs!$B$15*(Inputs!$B$12*A9*1000/(Inputs!$B$20^2))^Inputs!$B$16*Inputs!$B$20/Inputs!$B$12))^2/(2*PI()))))) -> 14.862994 | C9: =DEGREES(ATAN((Inputs!$B$13*TANH(Inputs!$B$14*(Inputs!$B$12*A9*1000/(Inputs!$B$21^2)))*Inputs!$B$21^2/Inputs!$B$12)/((Inputs!$B$12*((Inputs!$B$15*(Inputs!$B$12*A9*1000/(Inputs!$B$21^2))^Inputs!$B$16*Inputs!$B$21/Inputs!$B$12))^2/(2*PI()))))) -> 24.486844 | D9: =DEGREES(ATAN((Inputs!$B$13*TANH(Inputs!$B$14*(Inputs!$B$12*A9*1000/(Inputs!$B$22^2)))*Inputs!$B$22^2/Inputs!$B$12)/((Inputs!$B$12*((Inputs!$B$15*(Inputs!$B$12*A9*1000/(Inputs!$B$22^2))^Inputs!$B$16*Inputs!$B$22/Inputs!$B$12))^2/(2*PI()))))) -> 33.25926 | E9: =DEGREES(ATAN((Inputs!$B$13*TANH(Inputs!$B$14*(Inputs!$B$12*A9*1000/(Inputs!$B$23^2)))*Inputs!$B$23^2/Inputs!$B$12)/((Inputs!$B$12*((Inputs!$B$15*(Inputs!$B$12*A9*1000/(Inputs!$B$23^2))^Inputs!$B$16*Inputs!$B$23/Inputs!$B$12))^2/(2*PI()))))) -> 39.083515
A10: 9 | B10: =DEGREES(ATAN((Inputs!$B$13*TANH(Inputs!$B$14*(Inputs!$B$12*A10*1000/(Inputs!$B$20^2)))*Inputs!$B$20^2/Inputs!$B$12)/((Inputs!$B$12*((Inputs!$B$15*(Inputs!$B$12*A10*1000/(Inputs!$B$20^2))^Inputs!$B$16*Inputs!$B$20/Inputs!$B$12))^2/(2*PI()))))) -> 13.785018 | C10: =DEGREES(ATAN((Inputs!$B$13*TANH(Inputs!$B$14*(Inputs!$B$12*A10*1000/(Inputs!$B$21^2)))*Inputs!$B$21^2/Inputs!$B$12)/((Inputs!$B$12*((Inputs!$B$15*(Inputs!$B$12*A10*1000/(Inputs!$B$21^2))^Inputs!$B$16*Inputs!$B$21/Inputs!$B$12))^2/(2*PI()))))) -> 22.840705 | D10: =DEGREES(ATAN((Inputs!$B$13*TANH(Inputs!$B$14*(Inputs!$B$12*A10*1000/(Inputs!$B$22^2)))*Inputs!$B$22^2/Inputs!$B$12)/((Inputs!$B$12*((Inputs!$B$15*(Inputs!$B$12*A10*1000/(Inputs!$B$22^2))^Inputs!$B$16*Inputs!$B$22/Inputs!$B$12))^2/(2*PI()))))) -> 31.447263 | E10: =DEGREES(ATAN((Inputs!$B$13*TANH(Inputs!$B$14*(Inputs!$B$12*A10*1000/(Inputs!$B$23^2)))*Inputs!$B$23^2/Inputs!$B$12)/((Inputs!$B$12*((Inputs!$B$15*(Inputs!$B$12*A10*1000/(Inputs!$B$23^2))^Inputs!$B$16*Inputs!$B$23/Inputs!$B$12))^2/(2*PI()))))) -> 37.785378
A11: 10 | B11: =DEGREES(ATAN((Inputs!$B$13*TANH(Inputs!$B$14*(Inputs!$B$12*A11*1000/(Inputs!$B$20^2)))*Inputs!$B$20^2/Inputs!$B$12)/((Inputs!$B$12*((Inputs!$B$15*(Inputs!$B$12*A11*1000/(Inputs!$B$20^2))^Inputs!$B$16*Inputs!$B$20/Inputs!$B$12))^2/(2*PI()))))) -> 12.882242 | C11: =DEGREES(ATAN((Inputs!$B$13*TANH(Inputs!$B$14*(Inputs!$B$12*A11*1000/(Inputs!$B$21^2)))*Inputs!$B$21^2/Inputs!$B$12)/((Inputs!$B$12*((Inputs!$B$15*(Inputs!$B$12*A11*1000/(Inputs!$B$21^2))^Inputs!$B$16*Inputs!$B$21/Inputs!$B$12))^2/(2*PI()))))) -> 21.438709 | D11: =DEGREES(ATAN((Inputs!$B$13*TANH(Inputs!$B$14*(Inputs!$B$12*A11*1000/(Inputs!$B$22^2)))*Inputs!$B$22^2/Inputs!$B$12)/((Inputs!$B$12*((Inputs!$B$15*(Inputs!$B$12*A11*1000/(Inputs!$B$22^2))^Inputs!$B$16*Inputs!$B$22/Inputs!$B$12))^2/(2*PI()))))) -> 29.803723 | E11: =DEGREES(ATAN((Inputs!$B$13*TANH(Inputs!$B$14*(Inputs!$B$12*A11*1000/(Inputs!$B$23^2)))*Inputs!$B$23^2/Inputs!$B$12)/((Inputs!$B$12*((Inputs!$B$15*(Inputs!$B$12*A11*1000/(Inputs!$B$23^2))^Inputs!$B$16*Inputs!$B$23/Inputs!$B$12))^2/(2*PI()))))) -> 36.457055
A12: 11 | B12: =DEGREES(ATAN((Inputs!$B$13*TANH(Inputs!$B$14*(Inputs!$B$12*A12*1000/(Inputs!$B$20^2)))*Inputs!$B$20^2/Inputs!$B$12)/((Inputs!$B$12*((Inputs!$B$15*(Inputs!$B$12*A12*1000/(Inputs!$B$20^2))^Inputs!$B$16*Inputs!$B$20/Inputs!$B$12))^2/(2*PI()))))) -> 12.113318 | C12: =DEGREES(ATAN((Inputs!$B$13*TANH(Inputs!$B$14*(Inputs!$B$12*A12*1000/(Inputs!$B$21^2)))*Inputs!$B$21^2/Inputs!$B$12)/((Inputs!$B$12*((Inputs!$B$15*(Inputs!$B$12*A12*1000/(Inputs!$B$21^2))^Inputs!$B$16*Inputs!$B$21/Inputs!$B$12))^2/(2*PI()))))) -> 20.229689 | D12: =DEGREES(ATAN((Inputs!$B$13*TANH(Inputs!$B$14*(Inputs!$B$12*A12*1000/(Inputs!$B$22^2)))*Inputs!$B$22^2/Inputs!$B$12)/((Inputs!$B$12*((Inputs!$B$15*(Inputs!$B$12*A12*1000/(Inputs!$B$22^2))^Inputs!$B$16*Inputs!$B$22/Inputs!$B$12))^2/(2*PI()))))) -> 28.323477 | E12: =DEGREES(ATAN((Inputs!$B$13*TANH(Inputs!$B$14*(Inputs!$B$12*A12*1000/(Inputs!$B$23^2)))*Inputs!$B$23^2/Inputs!$B$12)/((Inputs!$B$12*((Inputs!$B$15*(Inputs!$B$12*A12*1000/(Inputs!$B$23^2))^Inputs!$B$16*Inputs!$B$23/Inputs!$B$12))^2/(2*PI()))))) -> 35.143644
A13: 12 | B13: =DEGREES(ATAN((Inputs!$B$13*TANH(Inputs!$B$14*(Inputs!$B$12*A13*1000/(Inputs!$B$20^2)))*Inputs!$B$20^2/Inputs!$B$12)/((Inputs!$B$12*((Inputs!$B$15*(Inputs!$B$12*A13*1000/(Inputs!$B$20^2))^Inputs!$B$16*Inputs!$B$20/Inputs!$B$12))^2/(2*PI()))))) -> 11.449188 | C13: =DEGREES(ATAN((Inputs!$B$13*TANH(Inputs!$B$14*(Inputs!$B$12*A13*1000/(Inputs!$B$21^2)))*Inputs!$B$21^2/Inputs!$B$12)/((Inputs!$B$12*((Inputs!$B$15*(Inputs!$B$12*A13*1000/(Inputs!$B$21^2))^Inputs!$B$16*Inputs!$B$21/Inputs!$B$12))^2/(2*PI()))))) -> 19.175303 | D13: =DEGREES(ATAN((Inputs!$B$13*TANH(Inputs!$B$14*(Inputs!$B$12*A13*1000/(Inputs!$B$22^2)))*Inputs!$B$22^2/Inputs!$B$12)/((Inputs!$B$12*((Inputs!$B$15*(Inputs!$B$12*A13*1000/(Inputs!$B$22^2))^Inputs!$B$16*Inputs!$B$22/Inputs!$B$12))^2/(2*PI()))))) -> 26.992638 | E13: =DEGREES(ATAN((Inputs!$B$13*TANH(Inputs!$B$14*(Inputs!$B$12*A13*1000/(Inputs!$B$23^2)))*Inputs!$B$23^2/Inputs!$B$12)/((Inputs!$B$12*((Inputs!$B$15*(Inputs!$B$12*A13*1000/(Inputs!$B$23^2))^Inputs!$B$16*Inputs!$B$23/Inputs!$B$12))^2/(2*PI()))))) -> 33.873101
... A201: 200 | B201: =DEGREES(ATAN((Inputs!$B$13*TANH(Inputs!$B$14*(Inputs!$B$12*A201*1000/(Inputs!$B$20^2)))*Inputs!$B$20^2/Inputs!$B$12)/((Inputs!$B$12*((Inputs!$B$15*(Inputs!$B$12*A201*1000/(Inputs!$B$20^2))^Inputs!$B$16*Inputs!$B$20/Inputs!$B$12))^2/(2*PI()))))) -> 1.7778881 | C201: =DEGREES(ATAN((Inputs!$B$13*TANH(Inputs!$B$14*(Inputs!$B$12*A201*1000/(Inputs!$B$21^2)))*Inputs!$B$21^2/Inputs!$B$12)/((Inputs!$B$12*((Inputs!$B$15*(Inputs!$B$12*A201*1000/(Inputs!$B$21^2))^Inputs!$B$16*Inputs!$B$21/Inputs!$B$12))^2/(2*PI()))))) -> 3.0508542 | D201: =DEGREES(ATAN((Inputs!$B$13*TANH(Inputs!$B$14*(Inputs!$B$12*A201*1000/(Inputs!$B$22^2)))*Inputs!$B$22^2/Inputs!$B$12)/((Inputs!$B$12*((Inputs!$B$15*(Inputs!$B$12*A201*1000/(Inputs!$B$22^2))^Inputs!$B$16*Inputs!$B$22/Inputs!$B$12))^2/(2*PI()))))) -> 4.4723303 | E201: =DEGREES(ATAN((Inputs!$B$13*TANH(Inputs!$B$14*(Inputs!$B$12*A201*1000/(Inputs!$B$23^2)))*Inputs!$B$23^2/Inputs!$B$12)/((Inputs!$B$12*((Inputs!$B$15*(Inputs!$B$12*A201*1000/(Inputs!$B$23^2))^Inputs!$B$16*Inputs!$B$23/Inputs!$B$12))^2/(2*PI()))))) -> 6.0121863

Sheet Chart
A1: Fetch vs Wave Steepness (degrees)
A2: SPM Hs + JONSWAP Tp — Deep water — Noah's Ark Naval Architecture Research — T. Lovett
A3: Breaking limit ~8.1°. Steepness peaks at short fetch then declines as period grows.
