Workbook

Sheet Inputs
A1: JONSWAP Fetch vs Peak Wave Period
A2: JONSWAP power law — Noah's Ark Naval Architecture Research — T. Lovett
A4: Formula
A5: gTp/U = 0.286 · (gF/U²)^(1/3)
A6: Power law form — grows continuously with fetch (no hard saturation within normal fetch range)
A7: Source: JONSWAP / Wisconsin Coastal Engineering ref; companion to SPM-Wave-Height.xlsx
A9: Constants (blue = input)
A10: g (m/s²) | B10: 9.81 | C10: Gravitational acceleration
A11: Coefficient a | B11: 0.286 | C11: JONSWAP period coefficient
A12: Exponent n | B12: 0.33333333 | C12: JONSWAP period fetch exponent
A13: Ark roll period (s) | B13: 22 | C13: Natural roll period — resonance risk if Tp approaches this
A15: Wind Speeds (blue = input, m/s)
A16: Wind speed 20 kn | B16: 10.2888 | C16: 20 knots x 0.51444 m/s
A17: Wind speed 30 kn | B17: 15.4332 | C17: 30 knots x 0.51444 m/s
A18: Wind speed 40 kn | B18: 20.5776 | C18: 40 knots x 0.51444 m/s
A19: Wind speed 50 kn | B19: 25.722 | C19: 50 knots x 0.51444 m/s
A21: Fetch resolution: uniform 10km steps 0-2000km (201 points)

Sheet Data
A1: Fetch (km) | B1: Tp 20 kn (s) | C1: Tp 30 kn (s) | D1: Tp 40 kn (s) | E1: Tp 50 kn (s)
A2: 0 | B2: 0 | C2: 0 | D2: 0 | E2: 0
A3: 10 | B3: =Inputs!$B$11*(Inputs!$B$10*A3*1000/(Inputs!$B$16^2))^Inputs!$B$12*Inputs!$B$16/Inputs!$B$10 -> 2.9244325 | C3: =Inputs!$B$11*(Inputs!$B$10*A3*1000/(Inputs!$B$17^2))^Inputs!$B$12*Inputs!$B$17/Inputs!$B$10 -> 3.3476395 | D3: =Inputs!$B$11*(Inputs!$B$10*A3*1000/(Inputs!$B$18^2))^Inputs!$B$12*Inputs!$B$18/Inputs!$B$10 -> 3.6845541 | E3: =Inputs!$B$11*(Inputs!$B$10*A3*1000/(Inputs!$B$19^2))^Inputs!$B$12*Inputs!$B$19/Inputs!$B$10 -> 3.9690656
A4: 20 | B4: =Inputs!$B$11*(Inputs!$B$10*A4*1000/(Inputs!$B$16^2))^Inputs!$B$12*Inputs!$B$16/Inputs!$B$10 -> 3.6845541 | C4: =Inputs!$B$11*(Inputs!$B$10*A4*1000/(Inputs!$B$17^2))^Inputs!$B$12*Inputs!$B$17/Inputs!$B$10 -> 4.2177615 | D4: =Inputs!$B$11*(Inputs!$B$10*A4*1000/(Inputs!$B$18^2))^Inputs!$B$12*Inputs!$B$18/Inputs!$B$10 -> 4.6422472 | E4: =Inputs!$B$11*(Inputs!$B$10*A4*1000/(Inputs!$B$19^2))^Inputs!$B$12*Inputs!$B$19/Inputs!$B$10 -> 5.0007093
A5: 30 | B5: =Inputs!$B$11*(Inputs!$B$10*A5*1000/(Inputs!$B$16^2))^Inputs!$B$12*Inputs!$B$16/Inputs!$B$10 -> 4.2177615 | C5: =Inputs!$B$11*(Inputs!$B$10*A5*1000/(Inputs!$B$17^2))^Inputs!$B$12*Inputs!$B$17/Inputs!$B$10 -> 4.8281317 | D5: =Inputs!$B$11*(Inputs!$B$10*A5*1000/(Inputs!$B$18^2))^Inputs!$B$12*Inputs!$B$18/Inputs!$B$10 -> 5.3140465 | E5: =Inputs!$B$11*(Inputs!$B$10*A5*1000/(Inputs!$B$19^2))^Inputs!$B$12*Inputs!$B$19/Inputs!$B$10 -> 5.7243831
A6: 40 | B6: =Inputs!$B$11*(Inputs!$B$10*A6*1000/(Inputs!$B$16^2))^Inputs!$B$12*Inputs!$B$16/Inputs!$B$10 -> 4.6422472 | C6: =Inputs!$B$11*(Inputs!$B$10*A6*1000/(Inputs!$B$17^2))^Inputs!$B$12*Inputs!$B$17/Inputs!$B$10 -> 5.3140465 | D6: =Inputs!$B$11*(Inputs!$B$10*A6*1000/(Inputs!$B$18^2))^Inputs!$B$12*Inputs!$B$18/Inputs!$B$10 -> 5.848865 | E6: =Inputs!$B$11*(Inputs!$B$10*A6*1000/(Inputs!$B$19^2))^Inputs!$B$12*Inputs!$B$19/Inputs!$B$10 -> 6.3004988
A7: 50 | B7: =Inputs!$B$11*(Inputs!$B$10*A7*1000/(Inputs!$B$16^2))^Inputs!$B$12*Inputs!$B$16/Inputs!$B$10 -> 5.0007093 | C7: =Inputs!$B$11*(Inputs!$B$10*A7*1000/(Inputs!$B$17^2))^Inputs!$B$12*Inputs!$B$17/Inputs!$B$10 -> 5.7243831 | D7: =Inputs!$B$11*(Inputs!$B$10*A7*1000/(Inputs!$B$18^2))^Inputs!$B$12*Inputs!$B$18/Inputs!$B$10 -> 6.3004988 | E7: =Inputs!$B$11*(Inputs!$B$10*A7*1000/(Inputs!$B$19^2))^Inputs!$B$12*Inputs!$B$19/Inputs!$B$10 -> 6.7870066
A8: 60 | B8: =Inputs!$B$11*(Inputs!$B$10*A8*1000/(Inputs!$B$16^2))^Inputs!$B$12*Inputs!$B$16/Inputs!$B$10 -> 5.3140465 | C8: =Inputs!$B$11*(Inputs!$B$10*A8*1000/(Inputs!$B$17^2))^Inputs!$B$12*Inputs!$B$17/Inputs!$B$10 -> 6.0830648 | D8: =Inputs!$B$11*(Inputs!$B$10*A8*1000/(Inputs!$B$18^2))^Inputs!$B$12*Inputs!$B$18/Inputs!$B$10 -> 6.6952791 | E8: =Inputs!$B$11*(Inputs!$B$10*A8*1000/(Inputs!$B$19^2))^Inputs!$B$12*Inputs!$B$19/Inputs!$B$10 -> 7.2122708
A9: 70 | B9: =Inputs!$B$11*(Inputs!$B$10*A9*1000/(Inputs!$B$16^2))^Inputs!$B$12*Inputs!$B$16/Inputs!$B$10 -> 5.5942381 | C9: =Inputs!$B$11*(Inputs!$B$10*A9*1000/(Inputs!$B$17^2))^Inputs!$B$12*Inputs!$B$17/Inputs!$B$10 -> 6.4038041 | D9: =Inputs!$B$11*(Inputs!$B$10*A9*1000/(Inputs!$B$18^2))^Inputs!$B$12*Inputs!$B$18/Inputs!$B$10 -> 7.0482984 | E9: =Inputs!$B$11*(Inputs!$B$10*A9*1000/(Inputs!$B$19^2))^Inputs!$B$12*Inputs!$B$19/Inputs!$B$10 -> 7.5925493
A10: 80 | B10: =Inputs!$B$11*(Inputs!$B$10*A10*1000/(Inputs!$B$16^2))^Inputs!$B$12*Inputs!$B$16/Inputs!$B$10 -> 5.848865 | C10: =Inputs!$B$11*(Inputs!$B$10*A10*1000/(Inputs!$B$17^2))^Inputs!$B$12*Inputs!$B$17/Inputs!$B$10 -> 6.6952791 | D10: =Inputs!$B$11*(Inputs!$B$10*A10*1000/(Inputs!$B$18^2))^Inputs!$B$12*Inputs!$B$18/Inputs!$B$10 -> 7.3691082 | E10: =Inputs!$B$11*(Inputs!$B$10*A10*1000/(Inputs!$B$19^2))^Inputs!$B$12*Inputs!$B$19/Inputs!$B$10 -> 7.9381311
A11: 90 | B11: =Inputs!$B$11*(Inputs!$B$10*A11*1000/(Inputs!$B$16^2))^Inputs!$B$12*Inputs!$B$16/Inputs!$B$10 -> 6.0830648 | C11: =Inputs!$B$11*(Inputs!$B$10*A11*1000/(Inputs!$B$17^2))^Inputs!$B$12*Inputs!$B$17/Inputs!$B$10 -> 6.9633709 | D11: =Inputs!$B$11*(Inputs!$B$10*A11*1000/(Inputs!$B$18^2))^Inputs!$B$12*Inputs!$B$18/Inputs!$B$10 -> 7.6641813 | E11: =Inputs!$B$11*(Inputs!$B$10*A11*1000/(Inputs!$B$19^2))^Inputs!$B$12*Inputs!$B$19/Inputs!$B$10 -> 8.2559891
A12: 100 | B12: =Inputs!$B$11*(Inputs!$B$10*A12*1000/(Inputs!$B$16^2))^Inputs!$B$12*Inputs!$B$16/Inputs!$B$10 -> 6.3004988 | C12: =Inputs!$B$11*(Inputs!$B$10*A12*1000/(Inputs!$B$17^2))^Inputs!$B$12*Inputs!$B$17/Inputs!$B$10 -> 7.2122708 | D12: =Inputs!$B$11*(Inputs!$B$10*A12*1000/(Inputs!$B$18^2))^Inputs!$B$12*Inputs!$B$18/Inputs!$B$10 -> 7.9381311 | E12: =Inputs!$B$11*(Inputs!$B$10*A12*1000/(Inputs!$B$19^2))^Inputs!$B$12*Inputs!$B$19/Inputs!$B$10 -> 8.5510925
A13: 110 | B13: =Inputs!$B$11*(Inputs!$B$10*A13*1000/(Inputs!$B$16^2))^Inputs!$B$12*Inputs!$B$16/Inputs!$B$10 -> 6.5038797 | C13: =Inputs!$B$11*(Inputs!$B$10*A13*1000/(Inputs!$B$17^2))^Inputs!$B$12*Inputs!$B$17/Inputs!$B$10 -> 7.4450837 | D13: =Inputs!$B$11*(Inputs!$B$10*A13*1000/(Inputs!$B$18^2))^Inputs!$B$12*Inputs!$B$18/Inputs!$B$10 -> 8.1943749 | E13: =Inputs!$B$11*(Inputs!$B$10*A13*1000/(Inputs!$B$19^2))^Inputs!$B$12*Inputs!$B$19/Inputs!$B$10 -> 8.8271228
A14: 120 | B14: =Inputs!$B$11*(Inputs!$B$10*A14*1000/(Inputs!$B$16^2))^Inputs!$B$12*Inputs!$B$16/Inputs!$B$10 -> 6.6952791 | C14: =Inputs!$B$11*(Inputs!$B$10*A14*1000/(Inputs!$B$17^2))^Inputs!$B$12*Inputs!$B$17/Inputs!$B$10 -> 7.6641813 | D14: =Inputs!$B$11*(Inputs!$B$10*A14*1000/(Inputs!$B$18^2))^Inputs!$B$12*Inputs!$B$18/Inputs!$B$10 -> 8.4355231 | E14: =Inputs!$B$11*(Inputs!$B$10*A14*1000/(Inputs!$B$19^2))^Inputs!$B$12*Inputs!$B$19/Inputs!$B$10 -> 9.0868918
... A202: 2000 | B202: =Inputs!$B$11*(Inputs!$B$10*A202*1000/(Inputs!$B$16^2))^Inputs!$B$12*Inputs!$B$16/Inputs!$B$10 -> 17.102185 | C202: =Inputs!$B$11*(Inputs!$B$10*A202*1000/(Inputs!$B$17^2))^Inputs!$B$12*Inputs!$B$17/Inputs!$B$10 -> 19.577115 | D202: =Inputs!$B$11*(Inputs!$B$10*A202*1000/(Inputs!$B$18^2))^Inputs!$B$12*Inputs!$B$18/Inputs!$B$10 -> 21.547403 | E202: =Inputs!$B$11*(Inputs!$B$10*A202*1000/(Inputs!$B$19^2))^Inputs!$B$12*Inputs!$B$19/Inputs!$B$10 -> 23.211236

Sheet Chart
A1: JONSWAP Fetch vs Peak Wave Period
A2: JONSWAP power law — Noah's Ark Naval Architecture Research — T. Lovett
A3: Ark natural roll period = 22s — resonance risk where curves approach this line.
