Workbook

Sheet Wave Bending Moment
A1: IACS UR S11 — Vertical Wave Bending Moment
A2: Noah's Ark vs Panamax Bulk Carrier
A4: Formula: Mw = k · C · L² · B · (Cb + 0.7) × 10⁻³ [kN·m]
A5: k = 110 (hogging) | k = 190 (sagging) | C = wave coefficient = 10.75 − ((300−L)/100)^1.5 for 100 ≤ L ≤ 300m
A7: INPUTS
A8: Parameter | B8: Noah's Ark | C8: Panamax | D8: Notes
A9: Length L (m) | B9: 157.2 | C9: 225 | D9: Ark: 300 × 0.524m | Panamax: typical
A10: Beam B (m) | B10: 26.2 | C10: 32.2 | D10: Ark: 50 × 0.524m | Panamax: typical
A11: Block coefficient Cb | B11: 0.87 | C11: 0.83 | D11: Ark: CAD AR-003-20110418 | Panamax: typical
A12: Draft T (m) | B12: 7.86 | C12: 14 | D12: Ark: 15 cubits (Gen 7:20) | Panamax: typical
A13: Wave coefficient C | B13: =10.75-((300-B9)/100)^1.5 -> 9.0435549 | C13: =10.75-((300-C9)/100)^1.5 -> 10.100481 | D13: IACS UR S11 — valid 100 ≤ L ≤ 300m
A15: RESULTS
B16: Noah's Ark | C16: Panamax | D16: Notes
A17: Mw Hogging (kN·m) | B17: =110*B13*B9^2*B10*(B11+0.7)*0.001 -> 1011201.9 | C17: =110*C13*C9^2*C10*(C11+0.7)*0.001 -> 2771067.3 | D17: k=110
A18: Mw Sagging (kN·m) | B18: =190*B13*B9^2*B10*(B11+0.7)*0.001 -> 1746621.5 | C18: =190*C13*C9^2*C10*(C11+0.7)*0.001 -> 4786389 | D18: k=190
A19: Mw Hogging (MN·m) | B19: =B17/1000 -> 1011.2019 | C19: =C17/1000 -> 2771.0673
A20: Mw Sagging (MN·m) | B20: =B18/1000 -> 1746.6215 | C20: =C18/1000 -> 4786.389
A22: Source: IACS Unified Requirement S11 (Rev.7, 2022). Blue cells = inputs (edit freely).

Sheet Wave Shear Force
A1: IACS UR S11 — Vertical Wave Shear Force
A2: Noah's Ark vs Panamax Bulk Carrier
A4: Formula: Vw = k · C · L · B · (Cb + 0.7) × 10⁻² [kN]
A5: k = 30 (positive/hogging shear) | k = 37 (negative/sagging shear) | C = wave coefficient (same as WBM sheet)
A6: Maximum shear occurs at approx. quarter-length points — governs hull wall, bulkhead connections, and frame sizing at L/4.
A8: INPUTS (linked from Wave Bending Moment sheet)
A9: Parameter | B9: Noah's Ark | C9: Panamax | D9: Notes
A10: Length L (m) | B10: ='Wave Bending Moment'!B9 -> 157.2 | C10: ='Wave Bending Moment'!C9 -> 225 | D10: ='Wave Bending Moment'!D9 -> Ark: 300 × 0.524m | Panamax: typical
A11: Beam B (m) | B11: ='Wave Bending Moment'!B10 -> 26.2 | C11: ='Wave Bending Moment'!C10 -> 32.2 | D11: ='Wave Bending Moment'!D10 -> Ark: 50 × 0.524m | Panamax: typical
A12: Block coefficient Cb | B12: ='Wave Bending Moment'!B11 -> 0.87 | C12: ='Wave Bending Moment'!C11 -> 0.83 | D12: ='Wave Bending Moment'!D11 -> Ark: CAD AR-003-20110418 | Panamax: typical
A13: Wave coefficient C | B13: ='Wave Bending Moment'!B13 -> 9.0435549 | C13: ='Wave Bending Moment'!C13 -> 10.100481 | D13: ='Wave Bending Moment'!D13 -> IACS UR S11 — valid 100 ≤ L ≤ 300m
A15: RESULTS
B16: Noah's Ark | C16: Panamax | D16: Notes
A17: Vw Positive/Hogging (kN) | B17: =30*B13*B10*B11*(B12+0.7)*0.01 -> 17543.406 | C17: =30*C13*C10*C11*(C12+0.7)*0.01 -> 33588.695 | D17: k=30
A18: Vw Negative/Sagging (kN) | B18: =37*B13*B10*B11*(B12+0.7)*0.01 -> 21636.868 | C18: =37*C13*C10*C11*(C12+0.7)*0.01 -> 41426.057 | D18: k=37
A19: Vw Positive/Hogging (MN) | B19: =B17/1000 -> 17.543406 | C19: =C17/1000 -> 33.588695
A20: Vw Negative/Sagging (MN) | B20: =B18/1000 -> 21.636868 | C20: =C18/1000 -> 41.426057
A22: Source: IACS UR S11 (Rev.7, 2022). Green cells = linked from WBM sheet — edit inputs there.

Sheet Longitudinal Shear
A1: Longitudinal Shear Flow — Hull Box Section
A2: Noah's Ark — thin-walled box beam approximation
A4: Formula: q = VQ/I [kN/m] where V = vertical shear, Q = first moment of area above shear plane, I = second moment of area
A5: Critical planes: (1) deck-to-side joint (2) keel-to-side joint (3) neutral axis (mid-height)
A7: INPUTS — Hull Cross Section
A8: Parameter | B8: Value | C8: Units | D8: Notes
A9: Overall depth D (m) | B9: 15.72 | C9: m | D9: 30 cubits × 0.524m
A10: Overall beam B (m) | B10: 26.2 | C10: m | D10: 50 cubits × 0.524m
A11: Wall thickness t (m) | B11: 0.939 | C11: m | D11: 127mm plank + 812mm frame — all walls equal
A12: Shear force V (kN) | B12: ='Wave Shear Force'!B18 -> 21636.868 | C12: kN | D12: Linked — sagging (governing) from shear sheet
A14: SECTION PROPERTIES
A15: Property | B15: Formula result | C15: Units | D15: Notes
A16: Second moment of area I (m⁴) | B16: =(1/12)*B10*B9^3-(1/12)*(B10-2*B11)*(B9-2*B11)^3 -> 3106.1509 | C16: m⁴ | D16: Outer box minus inner void
A17: Q at deck joint (m³) | B17: =B10*B11*(B9/2-B11/2) -> 181.8196 | C17: m³ | D17: Top flange contribution only
A18: Q at neutral axis (m³) | B18: =B10*B11*(B9/2-B11/2)+2*B11*(B9/2-B11)*(B9/4-B11/2) -> 226.79793 | C18: m³ | D18: Top flange + half webs
A20: SHEAR FLOW RESULTS
A21: Location | B21: Shear flow q (kN/m) | C21: Stress τ (MPa) | D21: Notes
A22: Deck-to-side joint | B22: =B12*B17/B16 -> 1266.5215 | C22: =B12*B17/B16/(2*B11)/1000 -> 0.67439907 | D22: q split between 2 joints; τ = q/(2t)
A23: Keel-to-side joint | B23: =B12*B17/B16 -> 1266.5215 | C23: =B12*B17/B16/(2*B11)/1000 -> 0.67439907 | D23: Same as deck by symmetry
A24: Neutral axis (max shear flow) | B24: =B12*B18/B16 -> 1579.8321 | C24: =B12*B18/B16/(2*B11)/1000 -> 0.84123114 | D24: Shared by 2 webs — divide by 2
A26: Timber shear capacity reference: parallel to grain 6–12 MPa | perpendicular (rolling) shear 1.5–3 MPa | old growth pine ~8 MPa parallel
A27: Source: IACS UR S11 (Rev.7, 2022). Blue = input, green = linked from Wave Shear Force sheet.
