Workbook

Sheet Inputs
A1: SPM / SMB Fetch-Limited Wave Height Calculator
A2: Shore Protection Manual (USACE 1984) — Noah's Ark Naval Architecture Research — T. Lovett
A4: Formula
A5: gHs/U² = 0.283 · tanh( 0.0125 · (gF/U²)^0.42 )
A6: Naturally asymptotic. Source: Shore Protection Manual Eqns 3-39/3-40 (USACE 1984)
A8: Constants (blue = input)
A9: g (m/s²) | B9: 9.81 | C9: Gravitational acceleration
A10: Coefficient a | B10: 0.283 | C10: SPM dimensionless Hs limit
A11: Coefficient b | B11: 0.0125 | C11: SPM fetch growth coefficient
A12: Exponent n | B12: 0.42 | C12: SPM fetch exponent
A14: Wind Speeds (blue = input, m/s)
A15: Wind speed 20 kn | B15: 10.2888 | C15: 20 knots x 0.51444 m/s
A16: Wind speed 30 kn | B16: 15.4332 | C16: 30 knots x 0.51444 m/s
A17: Wind speed 40 kn | B17: 20.5776 | C17: 40 knots x 0.51444 m/s
A18: Wind speed 50 kn | B18: 25.722 | C18: 50 knots x 0.51444 m/s
A20: Fetch resolution: uniform 10km steps 0–2000km (201 points)

Sheet Data
A1: Fetch (km) | B1: Hs 20 kn (m) | C1: Hs 30 kn (m) | D1: Hs 40 kn (m) | E1: Hs 50 kn (m)
A2: 0 | B2: 0 | C2: 0 | D2: 0 | E2: 0
A3: 10 | B3: =(Inputs!$B$10*TANH(Inputs!$B$11*(Inputs!$B$9*A3*1000/(Inputs!$B$15^2))^Inputs!$B$12))*Inputs!$B$15^2/Inputs!$B$9 -> 0.66210053 | C3: =(Inputs!$B$10*TANH(Inputs!$B$11*(Inputs!$B$9*A3*1000/(Inputs!$B$16^2))^Inputs!$B$12))*Inputs!$B$16^2/Inputs!$B$9 -> 1.0680763 | D3: =(Inputs!$B$10*TANH(Inputs!$B$11*(Inputs!$B$9*A3*1000/(Inputs!$B$17^2))^Inputs!$B$12))*Inputs!$B$17^2/Inputs!$B$9 -> 1.4958268 | E3: =(Inputs!$B$10*TANH(Inputs!$B$11*(Inputs!$B$9*A3*1000/(Inputs!$B$18^2))^Inputs!$B$12))*Inputs!$B$18^2/Inputs!$B$9 -> 1.9407892
A4: 20 | B4: =(Inputs!$B$10*TANH(Inputs!$B$11*(Inputs!$B$9*A4*1000/(Inputs!$B$15^2))^Inputs!$B$12))*Inputs!$B$15^2/Inputs!$B$9 -> 0.87493539 | C4: =(Inputs!$B$10*TANH(Inputs!$B$11*(Inputs!$B$9*A4*1000/(Inputs!$B$16^2))^Inputs!$B$12))*Inputs!$B$16^2/Inputs!$B$9 -> 1.4199408 | D4: =(Inputs!$B$10*TANH(Inputs!$B$11*(Inputs!$B$9*A4*1000/(Inputs!$B$17^2))^Inputs!$B$12))*Inputs!$B$17^2/Inputs!$B$9 -> 1.9934185 | E4: =(Inputs!$B$10*TANH(Inputs!$B$11*(Inputs!$B$9*A4*1000/(Inputs!$B$18^2))^Inputs!$B$12))*Inputs!$B$18^2/Inputs!$B$9 -> 2.5895733
A5: 30 | B5: =(Inputs!$B$10*TANH(Inputs!$B$11*(Inputs!$B$9*A5*1000/(Inputs!$B$15^2))^Inputs!$B$12))*Inputs!$B$15^2/Inputs!$B$9 -> 1.0258152 | C5: =(Inputs!$B$10*TANH(Inputs!$B$11*(Inputs!$B$9*A5*1000/(Inputs!$B$16^2))^Inputs!$B$12))*Inputs!$B$16^2/Inputs!$B$9 -> 1.6738188 | D5: =(Inputs!$B$10*TANH(Inputs!$B$11*(Inputs!$B$9*A5*1000/(Inputs!$B$17^2))^Inputs!$B$12))*Inputs!$B$17^2/Inputs!$B$9 -> 2.3549843 | E5: =(Inputs!$B$10*TANH(Inputs!$B$11*(Inputs!$B$9*A5*1000/(Inputs!$B$18^2))^Inputs!$B$12))*Inputs!$B$18^2/Inputs!$B$9 -> 3.0626904
A6: 40 | B6: =(Inputs!$B$10*TANH(Inputs!$B$11*(Inputs!$B$9*A6*1000/(Inputs!$B$15^2))^Inputs!$B$12))*Inputs!$B$15^2/Inputs!$B$9 -> 1.145529 | C6: =(Inputs!$B$10*TANH(Inputs!$B$11*(Inputs!$B$9*A6*1000/(Inputs!$B$16^2))^Inputs!$B$12))*Inputs!$B$16^2/Inputs!$B$9 -> 1.8785164 | D6: =(Inputs!$B$10*TANH(Inputs!$B$11*(Inputs!$B$9*A6*1000/(Inputs!$B$17^2))^Inputs!$B$12))*Inputs!$B$17^2/Inputs!$B$9 -> 2.6484021 | E6: =(Inputs!$B$10*TANH(Inputs!$B$11*(Inputs!$B$9*A6*1000/(Inputs!$B$18^2))^Inputs!$B$12))*Inputs!$B$18^2/Inputs!$B$9 -> 3.4479014
A7: 50 | B7: =(Inputs!$B$10*TANH(Inputs!$B$11*(Inputs!$B$9*A7*1000/(Inputs!$B$15^2))^Inputs!$B$12))*Inputs!$B$15^2/Inputs!$B$9 -> 1.2456996 | C7: =(Inputs!$B$10*TANH(Inputs!$B$11*(Inputs!$B$9*A7*1000/(Inputs!$B$16^2))^Inputs!$B$12))*Inputs!$B$16^2/Inputs!$B$9 -> 2.0523922 | D7: =(Inputs!$B$10*TANH(Inputs!$B$11*(Inputs!$B$9*A7*1000/(Inputs!$B$17^2))^Inputs!$B$12))*Inputs!$B$17^2/Inputs!$B$9 -> 2.8991657 | E7: =(Inputs!$B$10*TANH(Inputs!$B$11*(Inputs!$B$9*A7*1000/(Inputs!$B$18^2))^Inputs!$B$12))*Inputs!$B$18^2/Inputs!$B$9 -> 3.7781417
A8: 60 | B8: =(Inputs!$B$10*TANH(Inputs!$B$11*(Inputs!$B$9*A8*1000/(Inputs!$B$15^2))^Inputs!$B$12))*Inputs!$B$15^2/Inputs!$B$9 -> 1.3321942 | C8: =(Inputs!$B$10*TANH(Inputs!$B$11*(Inputs!$B$9*A8*1000/(Inputs!$B$16^2))^Inputs!$B$12))*Inputs!$B$16^2/Inputs!$B$9 -> 2.2046867 | D8: =(Inputs!$B$10*TANH(Inputs!$B$11*(Inputs!$B$9*A8*1000/(Inputs!$B$17^2))^Inputs!$B$12))*Inputs!$B$17^2/Inputs!$B$9 -> 3.1200893 | E8: =(Inputs!$B$10*TANH(Inputs!$B$11*(Inputs!$B$9*A8*1000/(Inputs!$B$18^2))^Inputs!$B$12))*Inputs!$B$18^2/Inputs!$B$9 -> 4.0699544
A9: 70 | B9: =(Inputs!$B$10*TANH(Inputs!$B$11*(Inputs!$B$9*A9*1000/(Inputs!$B$15^2))^Inputs!$B$12))*Inputs!$B$15^2/Inputs!$B$9 -> 1.4084589 | C9: =(Inputs!$B$10*TANH(Inputs!$B$11*(Inputs!$B$9*A9*1000/(Inputs!$B$16^2))^Inputs!$B$12))*Inputs!$B$16^2/Inputs!$B$9 -> 2.3408142 | D9: =(Inputs!$B$10*TANH(Inputs!$B$11*(Inputs!$B$9*A9*1000/(Inputs!$B$17^2))^Inputs!$B$12))*Inputs!$B$17^2/Inputs!$B$9 -> 3.3186719 | E9: =(Inputs!$B$10*TANH(Inputs!$B$11*(Inputs!$B$9*A9*1000/(Inputs!$B$18^2))^Inputs!$B$12))*Inputs!$B$18^2/Inputs!$B$9 -> 4.3330144
A10: 80 | B10: =(Inputs!$B$10*TANH(Inputs!$B$11*(Inputs!$B$9*A10*1000/(Inputs!$B$15^2))^Inputs!$B$12))*Inputs!$B$15^2/Inputs!$B$9 -> 1.4767193 | C10: =(Inputs!$B$10*TANH(Inputs!$B$11*(Inputs!$B$9*A10*1000/(Inputs!$B$16^2))^Inputs!$B$12))*Inputs!$B$16^2/Inputs!$B$9 -> 2.4642644 | D10: =(Inputs!$B$10*TANH(Inputs!$B$11*(Inputs!$B$9*A10*1000/(Inputs!$B$17^2))^Inputs!$B$12))*Inputs!$B$17^2/Inputs!$B$9 -> 3.4997415 | E10: =(Inputs!$B$10*TANH(Inputs!$B$11*(Inputs!$B$9*A10*1000/(Inputs!$B$18^2))^Inputs!$B$12))*Inputs!$B$18^2/Inputs!$B$9 -> 4.5735466
A11: 90 | B11: =(Inputs!$B$10*TANH(Inputs!$B$11*(Inputs!$B$9*A11*1000/(Inputs!$B$15^2))^Inputs!$B$12))*Inputs!$B$15^2/Inputs!$B$9 -> 1.5385106 | C11: =(Inputs!$B$10*TANH(Inputs!$B$11*(Inputs!$B$9*A11*1000/(Inputs!$B$16^2))^Inputs!$B$12))*Inputs!$B$16^2/Inputs!$B$9 -> 2.5774402 | D11: =(Inputs!$B$10*TANH(Inputs!$B$11*(Inputs!$B$9*A11*1000/(Inputs!$B$17^2))^Inputs!$B$12))*Inputs!$B$17^2/Inputs!$B$9 -> 3.6666189 | E11: =(Inputs!$B$10*TANH(Inputs!$B$11*(Inputs!$B$9*A11*1000/(Inputs!$B$18^2))^Inputs!$B$12))*Inputs!$B$18^2/Inputs!$B$9 -> 4.79583
A12: 100 | B12: =(Inputs!$B$10*TANH(Inputs!$B$11*(Inputs!$B$9*A12*1000/(Inputs!$B$15^2))^Inputs!$B$12))*Inputs!$B$15^2/Inputs!$B$9 -> 1.5949433 | C12: =(Inputs!$B$10*TANH(Inputs!$B$11*(Inputs!$B$9*A12*1000/(Inputs!$B$16^2))^Inputs!$B$12))*Inputs!$B$16^2/Inputs!$B$9 -> 2.6820781 | D12: =(Inputs!$B$10*TANH(Inputs!$B$11*(Inputs!$B$9*A12*1000/(Inputs!$B$17^2))^Inputs!$B$12))*Inputs!$B$17^2/Inputs!$B$9 -> 3.8217015 | E12: =(Inputs!$B$10*TANH(Inputs!$B$11*(Inputs!$B$9*A12*1000/(Inputs!$B$18^2))^Inputs!$B$12))*Inputs!$B$18^2/Inputs!$B$9 -> 5.0029523
A13: 110 | B13: =(Inputs!$B$10*TANH(Inputs!$B$11*(Inputs!$B$9*A13*1000/(Inputs!$B$15^2))^Inputs!$B$12))*Inputs!$B$15^2/Inputs!$B$9 -> 1.6468518 | C13: =(Inputs!$B$10*TANH(Inputs!$B$11*(Inputs!$B$9*A13*1000/(Inputs!$B$16^2))^Inputs!$B$12))*Inputs!$B$16^2/Inputs!$B$9 -> 2.7794808 | D13: =(Inputs!$B$10*TANH(Inputs!$B$11*(Inputs!$B$9*A13*1000/(Inputs!$B$17^2))^Inputs!$B$12))*Inputs!$B$17^2/Inputs!$B$9 -> 3.9667863 | E13: =(Inputs!$B$10*TANH(Inputs!$B$11*(Inputs!$B$9*A13*1000/(Inputs!$B$18^2))^Inputs!$B$12))*Inputs!$B$18^2/Inputs!$B$9 -> 5.1972265
A14: 120 | B14: =(Inputs!$B$10*TANH(Inputs!$B$11*(Inputs!$B$9*A14*1000/(Inputs!$B$15^2))^Inputs!$B$12))*Inputs!$B$15^2/Inputs!$B$9 -> 1.6948808 | C14: =(Inputs!$B$10*TANH(Inputs!$B$11*(Inputs!$B$9*A14*1000/(Inputs!$B$16^2))^Inputs!$B$12))*Inputs!$B$16^2/Inputs!$B$9 -> 2.8706549 | D14: =(Inputs!$B$10*TANH(Inputs!$B$11*(Inputs!$B$9*A14*1000/(Inputs!$B$17^2))^Inputs!$B$12))*Inputs!$B$17^2/Inputs!$B$9 -> 4.1032607 | E14: =(Inputs!$B$10*TANH(Inputs!$B$11*(Inputs!$B$9*A14*1000/(Inputs!$B$18^2))^Inputs!$B$12))*Inputs!$B$18^2/Inputs!$B$9 -> 5.3804372
... A202: 2000 | B202: =(Inputs!$B$10*TANH(Inputs!$B$11*(Inputs!$B$9*A202*1000/(Inputs!$B$15^2))^Inputs!$B$12))*Inputs!$B$15^2/Inputs!$B$9 -> 2.9521333 | C202: =(Inputs!$B$10*TANH(Inputs!$B$11*(Inputs!$B$9*A202*1000/(Inputs!$B$16^2))^Inputs!$B$12))*Inputs!$B$16^2/Inputs!$B$9 -> 6.1552222 | D202: =(Inputs!$B$10*TANH(Inputs!$B$11*(Inputs!$B$9*A202*1000/(Inputs!$B$17^2))^Inputs!$B$12))*Inputs!$B$17^2/Inputs!$B$9 -> 9.9449964 | E202: =(Inputs!$B$10*TANH(Inputs!$B$11*(Inputs!$B$9*A202*1000/(Inputs!$B$18^2))^Inputs!$B$12))*Inputs!$B$18^2/Inputs!$B$9 -> 14.071898

Sheet Chart
A1: SPM / SMB Fetch vs Significant Wave Height
A2: Shore Protection Manual (USACE 1984) — Noah's Ark Naval Architecture Research — T. Lovett
A3: Change wind speeds on the Inputs sheet — chart updates automatically.
