Workbook

Sheet Inputs
A1: Noah's Ark — Volume Tally Master Calculator
A2: Noah's Ark Naval Architecture Research — T. Lovett
A3: Change the cubit in B6 — all sheets update automatically
A5: PRIMARY INPUT
A6: Cubit (m) | B6: 0.524 | C6: Royal Egyptian — confirmed. Change to 0.518 to compare Nippur.
A8: Biblical Dimensions (cubits)
A9: Length | B9: 300 | C9: Genesis 6:15
A10: Beam | B10: 50 | C10: Genesis 6:15
A11: Height | B11: 30 | C11: Genesis 6:15
A12: Draft — Genesis 7:20 | B12: 15 | C12: 15 cubits to keel bottom at stern
A13: Sohar coaming | B13: 1 | C13: Genesis 6:16
A15: Hull Skin (imperial — not cubit-dependent)
A16: Plank thickness (inches) | B16: 5
A17: Frame depth (inches) | B17: 32
A18: Ceiling plank thickness (inches) | B18: 4.5
A19: Sacrificial planks bottom | B19: 2
A20: Sacrificial planks sides | B20: 1
A21: Structural plank layers | B21: 4
A23: Hull Parameters
A24: Block coefficient Cb | B24: 0.85
A25: Stern trim (m) | B25: 2
A26: Keel depth at stern (m) | B26: 2
A27: Promenade width (m) | B27: 4
A28: Roof slope zone (m) | B28: 3.2
A29: Ballast zone height (m) | B29: 2
A31: Densities (kg/m³)
A32: Timber (old growth pine) | B32: 650
A33: Seawater | B33: 1025
A34: Bulk fodder | B34: 150
A35: Animals (average) | B35: 200
A36: Mixed fitout | B36: 200

Sheet Dimensions
A1: Derived Dimensions
A3: Dimension | B3: Cubits | C3: Metres | D3: Notes
A4: Length L | B4: =Inputs!B9 -> 300 | C4: =B4*Inputs!$B$6 -> 157.2 | D4: 300 cubits — Genesis 6:15
A5: Beam B | B5: =Inputs!B10 -> 50 | C5: =B5*Inputs!$B$6 -> 26.2 | D5: 50 cubits — Genesis 6:15
A6: Height D | B6: =Inputs!B11 -> 30 | C6: =B6*Inputs!$B$6 -> 15.72 | D6: 30 cubits — Genesis 6:15
A7: Draft T (to keel) | B7: =Inputs!B12 -> 15 | C7: =B7*Inputs!$B$6 -> 7.86 | D7: 15 cubits — Genesis 7:20
A8: Sohar coaming | B8: =Inputs!B13 -> 1 | C8: =B8*Inputs!$B$6 -> 0.524 | D8: Above hull height
A9: Skin bottom (m) | B9: — | C9: =(Inputs!B19+Inputs!B21)*Inputs!B16/39.37+Inputs!B17/39.37+2*Inputs!B18/39.37 -> 1.8034036 | D9: Imperial — not cubit-dependent
A10: Skin sides (m) | B10: — | C10: =(Inputs!B20+Inputs!B21)*Inputs!B16/39.37+Inputs!B17/39.37+2*Inputs!B18/39.37 -> 1.6764034 | D10: Imperial — not cubit-dependent
A11: Internal beam (m) | B11: — | C11: =C5-2*C10 -> 22.847193 | D11: Beam less two side skins
A12: Three deck zone (m) | B12: — | C12: =C6-Inputs!B28-Inputs!B29 -> 10.52 | D12: Height less roof and ballast zones
A13: Clear per deck (m) | B13: — | C13: =C12/3 -> 3.5066667 | D13: Three equal decks
A14: Hull draft (m) | B14: — | C14: =C7-Inputs!B26 -> 5.86 | D14: Draft less keel depth
A15: Bow draft (m) | B15: — | C15: =C14-Inputs!B25/2 -> 4.86 | D15: Hull draft less half trim
A16: Stern draft (m) | B16: — | C16: =C14+Inputs!B25/2 -> 6.86 | D16: Hull draft plus half trim
A17: Frbrd stern (m) | B17: — | C17: =C6-C16 -> 8.86 | D17: Height less stern hull draft
A18: Frbrd bow (m) | B18: — | C18: =C6-C15 -> 10.86 | D18: Height less bow hull draft

Sheet Volume Tally
A1: Master Volume Deduction Table
A2: All volumes m³. Change cubit on Inputs sheet — everything updates.
A4: Item | B4: Deduction m³ | C4: Remaining m³ | D4: Remaining % | E4: Status
A5: External box (L × B × D) | B5: — | C5: =Dimensions!C4*Dimensions!C5*Dimensions!C6 -> 64745.021 | D5: =IFERROR(C5/C5*100,0) -> 100 | E5: Confirmed
A6: Hull skin + roof slope (~28%) | B6: =-C5*0.28 -> -18128.606 | C6: =C5+B6 -> 46616.415 | D6: =IFERROR(C6/C5*100,0) -> 72 | E6: Provisional
A7: Block coefficient (Cb) | B7: =-(C5+B6)*(1-Inputs!B24) -> -6992.4622 | C7: =C6+B7 -> 39623.953 | D7: =IFERROR(C7/C5*100,0) -> 61.2 | E7: Confirmed
A8: Central promenade (3 decks) | B8: =-Inputs!B27*Dimensions!C12*Dimensions!C4 -> -6614.976 | C8: =C7+B8 -> 33008.977 | D8: =IFERROR(C8/C5*100,0) -> 50.983035 | E8: Confirmed
A9: Three deck structures | B9: =-0.15*3*Dimensions!C4*Dimensions!C8 -> -37.06776 | C9: =C8+B9 -> 32971.909 | D9: =IFERROR(C9/C5*100,0) -> 50.925783 | E9: Provisional
A10: Stern compartment (~15m) | B10: =-15*Dimensions!C8*Dimensions!C6 -> -123.5592 | C10: =C9+B10 -> 32848.35 | D10: =IFERROR(C10/C5*100,0) -> 50.734944 | E10: Confirmed
A11: Bow compartment (~15m) | B11: =-15*Dimensions!C8*Dimensions!C6 -> -123.5592 | C11: =C10+B11 -> 32724.791 | D11: =IFERROR(C11/C5*100,0) -> 50.544104 | E11: Confirmed
A12: Internal ramps (2m wide) | B12: =-2*Dimensions!C12*Dimensions!C4*0.1 -> -330.7488 | C12: =C11+B12 -> 32394.042 | D12: =IFERROR(C12/C5*100,0) -> 50.033256 | E12: Provisional
A13: Ballast zone | B13: =-Dimensions!C4*Dimensions!C8*Inputs!B29 -> -164.7456 | C13: =C12+B13 -> 32229.296 | D13: =IFERROR(C13/C5*100,0) -> 49.778803 | E13: Provisional
A14: Vertical structure | B14: =-C13*0.12 -> -3867.5155 | C14: =C13+B14 -> 28361.781 | D14: =IFERROR(C14/C5*100,0) -> 43.805346 | E14: Provisional
A15: Six transverse bulkheads | B15: =-6*Dimensions!C8*Dimensions!C6*0.3 -> -14.827104 | C15: =C14+B15 -> 28346.954 | D15: =IFERROR(C15/C5*100,0) -> 43.782446 | E15: Confirmed
A16: Outboard service column / vent shafts | B16: =-2*1*Dimensions!C12*0.6 -> -12.624 | C16: =C15+B16 -> 28334.33 | D16: =IFERROR(C16/C5*100,0) -> 43.762948 | E16: Revised
A17: Double moon pool complex | B17: =-728*(Dimensions!C4/155.4) -> -736.43243 | C17: =C16+B17 -> 27597.897 | D17: =IFERROR(C17/C5*100,0) -> 42.625513 | E17: Provisional
A18: Family quarters | B18: =-398*(Dimensions!C4/155.4) -> -402.61004 | C18: =C17+B18 -> 27195.287 | D18: =IFERROR(C18/C5*100,0) -> 42.003673 | E18: Provisional
A19: Header tanks (roof corners) | B19: =-251*(Dimensions!C4/155.4) -> -253.90734 | C19: =C18+B19 -> 26941.38 | D19: =IFERROR(C19/C5*100,0) -> 41.611508 | E19: Revised
A20: ANIMAL / FODDER / WASTE ZONE | B20: — | C20: =C19 -> 26941.38 | D20: =IFERROR(C20/C5*100,0) -> 41.611508 | E20: Residual

Sheet Displacement
A1: Displacement & Draft
A3: Item | B3: Volume m³ | C3: Density kg/m³ | D3: Mass tonnes
A4: Hull timber (pine) | B4: ='Volume Tally'!C6*0.28 -> 13052.596 | C4: =Inputs!B32 -> 650 | D4: =B4*C4/1000 -> 8484.1875
A5: Deck structures × 3 | B5: =ABS('Volume Tally'!B9) -> 37.06776 | C5: =Inputs!B32 -> 650 | D5: =B5*C5/1000 -> 24.094044
A6: Bulkheads + vertical struct. | B6: =ABS('Volume Tally'!B15)+ABS('Volume Tally'!B14) -> 3882.3426 | C6: =Inputs!B32 -> 650 | D6: =B6*C6/1000 -> 2523.5227
A7: Ballast water (partial) | B7: =ABS('Volume Tally'!B13)*0.43 -> 70.840608 | C7: =Inputs!B33 -> 1025 | D7: =B7*C7/1000 -> 72.611623
A8: Header tanks (full) | B8: =ABS('Volume Tally'!B19) -> 253.90734 | C8: =Inputs!B33 -> 1025 | D8: =B8*C8/1000 -> 260.25502
A9: Bulk fodder | B9: ='Volume Tally'!C20*0.41 -> 11045.966 | C9: =Inputs!B34 -> 150 | D9: =B9*C9/1000 -> 1656.8949
A10: Animals | B10: ='Volume Tally'!C20*0.25 -> 6735.3449 | C10: =Inputs!B35 -> 200 | D10: =B10*C10/1000 -> 1347.069
A11: Bow/stern fitout + ramps | B11: =ABS('Volume Tally'!B10)+ABS('Volume Tally'!B11)+ABS('Volume Tally'!B12) -> 577.8672 | C11: =Inputs!B36 -> 200 | D11: =B11*C11/1000 -> 115.57344
A12: Family + equipment | B12: 50 | C12: 1000 | D12: =B12*C12/1000 -> 50
A13: TOTAL DISPLACEMENT (tonnes) | D13: =SUM(D4:D12) -> 14534.208
A15: Draft
A16: Calculated hull draft (m) | B16: =D13*1000/(Inputs!B33*Dimensions!C4*Dimensions!C8*Inputs!B24) -> 202.51853
A17: Target hull draft (m) | B17: =Dimensions!C7-Inputs!B26 -> 5.86
A18: Difference (+ needs more ballast) | B18: =B16-B17 -> 196.65853
A19: Freeboard at stern (m) | B19: =Dimensions!C17 -> 8.86

Sheet Animal Zone
A1: Animal Zone Analysis
A3: Component | B3: m³ | C3: % of zone | D3: Notes
A4: Animal body + movement (50% packing) | B4: ='Volume Tally'!C20*0.247 -> 6654.5208 | C4: =IFERROR(B4/B9*100,0) -> 24.7 | D4: Provisional
A5: Subfloor waste collection | B5: ='Volume Tally'!C20*0.107 -> 2882.7276 | C5: =IFERROR(B5/B9*100,0) -> 10.7 | D5: Review — 3-zone split needed
A6: Local fodder hoppers | B6: ='Volume Tally'!C20*0.096 -> 2586.3725 | C6: =IFERROR(B6/B9*100,0) -> 9.6 | D6: Provisional
A7: Bulk fodder storage | B7: ='Volume Tally'!C20*0.409 -> 11019.024 | C7: =IFERROR(B7/B9*100,0) -> 40.9 | D7: Provisional
A8: Packing inefficiency / air / access | B8: ='Volume Tally'!C20*0.141 -> 3798.7345 | C8: =IFERROR(B8/B9*100,0) -> 14.1 | D8: Provisional
A9: Subtotal animal zone | B9: =SUM(B4:B8) -> 26941.38
A11: Promenade bonus
A12: Bird cages (above 2m, both sides) | B12: =0.5*2*3*Dimensions!C4 -> 471.6
A13: Planting strip | B13: =1*Dimensions!C4*0.33 -> 51.876
A14: Total promenade bonus | B14: =SUM(B12:B13) -> 523.476
A16: EFFECTIVE ANIMAL ZONE (m³) | B16: =B9+B14 -> 27464.856
A18: Animal Count
A19: Cage volume weighted avg (m³) | B19: 1.79
A20: Utilisation | B20: Animals | C20: Gross kinds
A21: 90% | B21: =ROUND(B16*0.9/B19,0) -> 13809 | C21: =ROUND(B21/2,0) -> 6905
A22: 80% | B22: =ROUND(B16*0.8/B19,0) -> 12275 | C22: =ROUND(B22/2,0) -> 6138
A23: 70% | B23: =ROUND(B16*0.7/B19,0) -> 10740 | C23: =ROUND(B23/2,0) -> 5370
A25: Clean animal adjustment
A26: Clean kind count | B26: 40
A27: Extra animals per clean kind | B27: 12
A28: Total extra animals | B28: =B26*B27 -> 480
A29: Kind-equivalent deduction | B29: =B28/2 -> 240
A30: Net kinds (at 80% utilisation) | B30: =C22-B29 -> 5898
